name,quantity,discountedPrice,actualPrice,outOfStock,image
Onion (Pyaz),0.95  - 1.05 kg,₹37,₹51,false,"https://cdn.grofers.com/cdn-cgi/image/f=auto,fit=scale-down,q=70,metadata=none,w=270/app/assets/products/sliding_images/jpeg/a1ba074a-c085-4dd1-b4a4-2f247d6f211d.jpg?ts=1711010249"
Green Chilli 100 g (Hari Mirch),100 g,₹12,₹15,false,"https://cdn.grofers.com/cdn-cgi/image/f=auto,fit=scale-down,q=70,metadata=none,w=270/app/assets/products/sliding_images/jpeg/27055af4-f9ca-49f5-a84b-cf407583be43.jpg?ts=1711019907"
Ginger (Adrak),200 g,₹19,₹24,false,"https://cdn.grofers.com/cdn-cgi/image/f=auto,fit=scale-down,q=70,metadata=none,w=270/app/assets/products/sliding_images/jpeg/1a3564c0-b467-4a8e-90f2-fe5bec7c613b.jpg?ts=1722935025"
Red Carrot - 500 g (Gajar),500 g,₹17,₹21,false,"https://cdn.grofers.com/cdn-cgi/image/f=auto,fit=scale-down,q=70,metadata=none,w=270/app/assets/products/sliding_images/jpeg/63526075-fec6-42e9-a34c-086a069a0aac.jpg?ts=1711014093"
Desi Tomato (Tamatar),500 g,₹11,₹14,false,"https://cdn.grofers.com/cdn-cgi/image/f=auto,fit=scale-down,q=70,metadata=none,w=270/app/assets/products/sliding_images/jpeg/d6339148-f4ee-4645-94f3-aac845a60c7f.jpg?ts=1719824311"
Hybrid Tomato (Tamatar),500 g,₹13,₹16,false,"https://cdn.grofers.com/cdn-cgi/image/f=auto,fit=scale-down,q=70,metadata=none,w=270/app/assets/products/sliding_images/jpeg/b5fc630a-c183-47e8-979e-20c04f601039.jpg?ts=1722934673"
Cauliflower (Phool Gobhi),1 piece (400 - 600) g,₹10,₹13,false,"https://cdn.grofers.com/cdn-cgi/image/f=auto,fit=scale-down,q=70,metadata=none,w=270/da/cms-assets/cms/product/107f1c0e-6648-4de2-852e-ab2325e44afb.jpg?ts=1735364289"
Green Capsicum (Shimla Mirch),250 g,₹17,₹22,false,"https://cdn.grofers.com/cdn-cgi/image/f=auto,fit=scale-down,q=70,metadata=none,w=270/app/assets/products/sliding_images/jpeg/0c0170fb-baf2-4947-b512-a6f0a5e6ad01.jpg?ts=1711024455"
Lemon,(220 - 250) g,₹26,₹33,false,"https://cdn.grofers.com/cdn-cgi/image/f=auto,fit=scale-down,q=70,metadata=none,w=270/app/assets/products/sliding_images/jpeg/c655faa5-2b29-4714-8411-c98b67f4ef51.jpg?ts=1726553686"
English Cucumber (Kheera),(500 - 600) g,₹27,₹34,false,"https://cdn.grofers.com/cdn-cgi/image/f=auto,fit=scale-down,q=70,metadata=none,w=270/app/assets/products/sliding_images/jpeg/4a7cbdcc-d74d-403f-a0cb-b130572ad296.jpg?ts=1711022176"
Button Mushroom,(180 - 200) g,₹44,₹58,false,"https://cdn.grofers.com/cdn-cgi/image/f=auto,fit=scale-down,q=70,metadata=none,w=270/app/assets/products/sliding_images/jpeg/ee1b5a5a-5c29-4060-93a6-60a794600cd1.jpg?ts=1716344812"
Potato - New Crop,0.95 kg - 1.05 kg,₹28,₹37,false,"https://cdn.grofers.com/cdn-cgi/image/f=auto,fit=scale-down,q=70,metadata=none,w=270/da/cms-assets/cms/product/c11437d7-3fa3-454c-a5b1-ec2dc911c014.jpg?ts=1734429255"
Green Peas (Matar),250 g,₹21,₹28,false,"https://cdn.grofers.com/cdn-cgi/image/f=auto,fit=scale-down,q=70,metadata=none,w=270/app/assets/products/sliding_images/jpeg/259fecd2-ccc0-434f-938f-61c10ed44b3d.jpg?ts=1711017375"
French Beans 250 g,250 g,₹26,₹36,false,"https://cdn.grofers.com/cdn-cgi/image/f=auto,fit=scale-down,q=70,metadata=none,w=270/app/assets/products/sliding_images/jpeg/188ab70e-d817-44d5-967e-17a842a5ac81.jpg?ts=1711100797"
Green Cucumber 500 g (Kheera),500 g,₹38,₹49,false,"https://cdn.grofers.com/cdn-cgi/image/f=auto,fit=scale-down,q=70,metadata=none,w=270/app/assets/products/sliding_images/jpeg/b875a004-b396-44b0-ab6e-cbce46e9b88d.jpg?ts=1711022176"
Garlic (Lehsun),200 g,₹86,₹110,false,"https://cdn.grofers.com/cdn-cgi/image/f=auto,fit=scale-down,q=70,metadata=none,w=270/app/assets/products/sliding_images/jpeg/49dcdecd-4ef2-4de2-8a84-23b08e68a00b.jpg?ts=1733121236"
Radish (Mooli),(500 - 600) g,₹16,₹22,false,"https://cdn.grofers.com/cdn-cgi/image/f=auto,fit=scale-down,q=70,metadata=none,w=270/app/assets/products/sliding_images/jpeg/74094d0b-b147-46ff-bd8f-3c9a64dc66ec.jpg?ts=1726561108"
Lady Finger (Bhindi),(260 - 275) g,₹28,₹35,false,"https://cdn.grofers.com/cdn-cgi/image/f=auto,fit=scale-down,q=70,metadata=none,w=270/app/assets/products/sliding_images/jpeg/28b248cd-5f36-413d-b5d5-5f867cfdb762.jpg?ts=1711016008"
Beetroot (Chukandar),(500 - 600) g,₹45,₹59,false,"https://cdn.grofers.com/cdn-cgi/image/f=auto,fit=scale-down,q=70,metadata=none,w=270/app/assets/products/sliding_images/jpeg/a68103f6-9518-454b-aa1a-9d068ac33ffc.jpg?ts=1711472827"
Amla (Amla),250 g,₹19,₹25,false,"https://cdn.grofers.com/cdn-cgi/image/f=auto,fit=scale-down,q=70,metadata=none,w=270/da/cms-assets/cms/product/ab5d3eee-0fc6-4645-baca-c416842d006b.jpg?ts=1732162347"
Brinjal Bharta (Baingan),500 g,₹31,₹42,false,"https://cdn.grofers.com/cdn-cgi/image/f=auto,fit=scale-down,q=70,metadata=none,w=270/app/assets/products/sliding_images/jpeg/e3fbd5ee-719a-4187-bb5a-0fd5fb405e76.jpg?ts=1711440872"
Baby Potato (Aloo),500 g,₹21,₹29,false,"https://cdn.grofers.com/cdn-cgi/image/f=auto,fit=scale-down,q=70,metadata=none,w=270/app/assets/products/sliding_images/jpeg/5ea2c639-9f8d-43dc-964a-6447b1d73320.jpg?ts=1711472718"
Bitter Gourd (Karela),250 g,₹23,₹28,false,"https://cdn.grofers.com/cdn-cgi/image/f=auto,fit=scale-down,q=70,metadata=none,w=270/app/assets/products/sliding_images/jpeg/a9da25ab-8332-4505-884b-9c4b878f1bcf.jpg?ts=1711473370"
Raw Turmeric (Kachhi Haldi),250 g,₹30,₹40,false,"https://cdn.grofers.com/cdn-cgi/image/f=auto,fit=scale-down,q=70,metadata=none,w=270/app/assets/products/sliding_images/jpeg/4718d984-1bca-44cf-9fd9-de586f0afc16.jpg?ts=1711694114"
Broad Beans 250 g (Sem Phali),250 g,₹12,₹16,false,"https://cdn.grofers.com/cdn-cgi/image/f=auto,fit=scale-down,q=70,metadata=none,w=270/app/assets/products/sliding_images/jpeg/4988a375-ccc1-41ca-98d1-effd698f8a76.jpg?ts=1708587809"
Baby Onion (Sirka Pyaz),250 g,₹17,₹23,false,"https://cdn.grofers.com/cdn-cgi/image/f=auto,fit=scale-down,q=70,metadata=none,w=270/app/assets/products/sliding_images/jpeg/eaed1dde-b653-4eb2-a35c-478d70087d03.jpg?ts=1711010248"
Corn Cob (Bhutta),N/A,₹30,₹37,false,"https://cdn.grofers.com/cdn-cgi/image/f=auto,fit=scale-down,q=70,metadata=none,w=270/app/assets/products/sliding_images/jpeg/a37e1f38-7ba0-4731-8a25-57e81a56b1fe.jpg?ts=1728045295"
Ivy Gourd (Kundru),250 g,₹34,₹44,false,"https://cdn.grofers.com/cdn-cgi/image/f=auto,fit=scale-down,q=70,metadata=none,w=270/app/assets/products/sliding_images/jpeg/ed1c4c94-5408-462b-9d17-4bb07f2dc6b3.jpg?ts=1711472718"
Picador Chilli (Achari Mirch),250 g,₹28,₹36,false,"https://cdn.grofers.com/cdn-cgi/image/f=auto,fit=scale-down,q=70,metadata=none,w=270/app/assets/products/sliding_images/jpeg/f842fd1d-dbef-44fd-8c06-6f652b66f9b0.jpg?ts=1734847343"
Red Potato (Aloo),1 kg,₹55,₹72,false,"https://cdn.grofers.com/cdn-cgi/image/f=auto,fit=scale-down,q=70,metadata=none,w=270/da/cms-assets/cms/product/7899fc7f-36ba-4883-873f-28a8659c706a.jpg?ts=1734429258"
Turnip (Shalgam),500 g,₹21,₹28,false,"https://cdn.grofers.com/cdn-cgi/image/f=auto,fit=scale-down,q=70,metadata=none,w=270/app/assets/products/sliding_images/jpeg/136945dd-ab6e-4d25-b8d7-87dc5035b948.jpg?ts=1711022889"
Tomato Shorba,500 g + 100 g,₹23,₹31,false,"https://cdn.grofers.com/cdn-cgi/image/f=auto,fit=scale-down,q=70,metadata=none,w=270/da/cms-assets/cms/product/48b2d7f6-ae25-4238-b721-35e7472e07d7.jpg?ts=1733126017"
Cluster Beans (Gwar Phali),250 g,₹30,₹38,false,"https://cdn.grofers.com/cdn-cgi/image/f=auto,fit=scale-down,q=70,metadata=none,w=270/app/assets/products/sliding_images/jpeg/946fe028-974b-4693-8ee3-5b2b4d19ea43.jpg?ts=1714120655"
Gajar Halwa,500 g + 200 g + 1 l,₹187,₹196,false,"https://cdn.grofers.com/cdn-cgi/image/f=auto,fit=scale-down,q=70,metadata=none,w=270/da/cms-assets/cms/product/e362d324-bc0e-45a1-b5a5-d4b88af5281d.jpg?ts=1733126036"
Raw Banana (Kacha Kela),3 pieces,₹46,₹58,false,"https://cdn.grofers.com/cdn-cgi/image/f=auto,fit=scale-down,q=70,metadata=none,w=270/app/assets/products/sliding_images/jpeg/1a19848c-f447-4a7b-b195-d8b026c4a24e.jpg?ts=1711472827"
Drumstick (Sahjan),250 g,₹71,₹93,false,"https://cdn.grofers.com/cdn-cgi/image/f=auto,fit=scale-down,q=70,metadata=none,w=270/app/assets/products/sliding_images/jpeg/53503293-b6f7-4050-9b0c-ebeb67d4ff66.jpg?ts=1712320346"
Red Radish,500 g,₹42,₹55,false,"https://cdn.grofers.com/cdn-cgi/image/f=auto,fit=scale-down,q=70,metadata=none,w=270/da/cms-assets/cms/product/020d6ccc-e5df-43bd-8ea1-8f3cfe9319b1.jpg?ts=1733226700"
Halwa Carrot (Gajar),2 kg,₹72,₹96,false,"https://cdn.grofers.com/cdn-cgi/image/f=auto,fit=scale-down,q=70,metadata=none,w=270/app/assets/products/sliding_images/jpeg/25b3065d-ad40-498d-bca8-ffde259aeb2c.jpg?ts=1710499314"
Knol Khol (Gaath Gobhi),500 g,₹28,₹35,false,"https://cdn.grofers.com/cdn-cgi/image/f=auto,fit=scale-down,q=70,metadata=none,w=270/da/cms-assets/cms/product/f6cf520d-e0bc-4543-a49b-c2fa07b52062.jpg?ts=1732162350"
Lotus Stem (Kamal Kakdi),250 g,₹47,₹60,false,"https://cdn.grofers.com/cdn-cgi/image/f=auto,fit=scale-down,q=70,metadata=none,w=270/app/assets/products/sliding_images/jpeg/7196a108-e4a7-4d78-93aa-d716be2a1025.jpg?ts=1712320349"
Combo of 5 - Green Peas 250 g + Garlic 200 g + Ginger 200 g + Hybrid Tomato 500 g + Green Chilli 100 g,250 g + 200 g + 500 g + 100 g + 200 g,₹151,₹193,false,"https://cdn.grofers.com/cdn-cgi/image/f=auto,fit=scale-down,q=70,metadata=none,w=270/app/assets/products/sliding_images/jpeg/9cc46bee-b9a2-464d-a5a8-147af7015ae9.jpg?ts=1717505060"
Coriander Bunch (Dhaniya Patta),100 g,₹11,₹15,false,"https://cdn.grofers.com/cdn-cgi/image/f=auto,fit=scale-down,q=70,metadata=none,w=270/app/assets/products/sliding_images/jpeg/58045fa9-1fe4-4698-8e8d-ae9aed0bcef4.jpg?ts=1717782379"
Broccoli,(300 - 400) g,₹21,₹27,false,"https://cdn.grofers.com/cdn-cgi/image/f=auto,fit=scale-down,q=70,metadata=none,w=270/app/assets/products/sliding_images/jpeg/46de3e21-9668-438c-9ea2-51d49df57d25.jpg?ts=1717782417"
Green Moong Sprouts,(150 - 160) g,₹37,₹70,false,"https://cdn.grofers.com/cdn-cgi/image/f=auto,fit=scale-down,q=70,metadata=none,w=270/app/assets/products/sliding_images/jpeg/dbddb297-7906-4a71-b25f-c76bb2f4d32a.jpg?ts=1711440873"
Lettuce Mix Hydroponically Grown,1 unit (100 - 125 g),₹62,₹86,false,"https://cdn.grofers.com/cdn-cgi/image/f=auto,fit=scale-down,q=70,metadata=none,w=270/app/assets/products/sliding_images/jpeg/4b708837-b714-401d-86fd-0009ad5edbe9.jpg?ts=1712320355"
Portion Pumpkin,1 pack (500 g),₹60,N/A,false,"https://cdn.grofers.com/cdn-cgi/image/f=auto,fit=scale-down,q=70,metadata=none,w=270/app/assets/products/sliding_images/jpeg/9700f126-2902-4ab4-ac2a-f5655c39cf71.jpg?ts=1712461133"
Green Lettuce,(200 - 250) g,₹47,₹65,false,"https://cdn.grofers.com/cdn-cgi/image/f=auto,fit=scale-down,q=70,metadata=none,w=270/app/images/products/sliding_image/344275a.jpg?ts=1696330730"
Iceberg Lettuce,250 g,₹34,₹44,false,"https://cdn.grofers.com/cdn-cgi/image/f=auto,fit=scale-down,q=70,metadata=none,w=270/app/assets/products/sliding_images/jpeg/8675a96c-ce5d-4d04-8fcb-901e92db3c93.jpg?ts=1710495207"
Curry Leaves (Kadi Patta),50 g,₹27,₹37,false,"https://cdn.grofers.com/cdn-cgi/image/f=auto,fit=scale-down,q=70,metadata=none,w=270/app/assets/products/sliding_images/jpeg/80ad3470-8d3c-4d72-8302-68e7ce7c4da8.jpg?ts=1713944041"
Cherry Tomatoes,200 g,₹29,₹150,false,"https://cdn.grofers.com/cdn-cgi/image/f=auto,fit=scale-down,q=70,metadata=none,w=270/app/assets/products/sliding_images/jpeg/ba968d34-66b7-4675-9717-357678037499.jpg?ts=1711442641"
Yellow Bell Pepper,1 piece (125 - 175) g,₹46,₹62,false,"https://cdn.grofers.com/cdn-cgi/image/f=auto,fit=scale-down,q=70,metadata=none,w=270/app/assets/products/sliding_images/jpeg/d13eac10-ea6d-44dd-9bec-76630b19085e.jpg?ts=1711472825"
Coriander (Without Roots) (Dhaniya),100 g,₹19,₹89,false,"https://cdn.grofers.com/cdn-cgi/image/f=auto,fit=scale-down,q=70,metadata=none,w=270/app/assets/products/sliding_images/jpeg/19716770-6b1f-4b46-ad0c-7286c096773c.jpg?ts=1711442639"
Green Zucchini,1 piece (200 - 250) g,₹19,₹24,false,"https://cdn.grofers.com/cdn-cgi/image/f=auto,fit=scale-down,q=70,metadata=none,w=270/app/assets/products/sliding_images/jpeg/0585bbfc-7ea7-4a67-a2ac-6647f2831d24.jpg?ts=1711473133"
Organically Grown Garlic,100 g,₹64,₹88,false,"https://cdn.grofers.com/cdn-cgi/image/f=auto,fit=scale-down,q=70,metadata=none,w=270/da/cms-assets/cms/product/a15082c3-cf1f-44c9-b473-1937e2c3d9eb.jpg?ts=1734330899"
Organically Grown Garlic,100 g,₹64,₹82,false,"https://cdn.grofers.com/cdn-cgi/image/f=auto,fit=scale-down,q=70,metadata=none,w=270/da/cms-assets/cms/product/bb6d3ee8-faab-4906-9d83-023905505e28.jpg?ts=1735404249"
Organically Grown Capsicum,250 g - 300 g,₹33,₹41,false,"https://cdn.grofers.com/cdn-cgi/image/f=auto,fit=scale-down,q=70,metadata=none,w=270/da/cms-assets/cms/product/d0461f8e-c079-49c8-a81f-f16a0ef23d50.jpg"
Jackfruit (Cut) (Kathal),200 g,₹69,₹105,false,"https://cdn.grofers.com/cdn-cgi/image/f=auto,fit=scale-down,q=70,metadata=none,w=270/app/assets/products/sliding_images/jpeg/7d2d697e-7a9a-4824-ac95-49663a5a9e97.jpg?ts=1711442640"
Fresh Rosemary,10 g,₹27,₹36,false,"https://cdn.grofers.com/cdn-cgi/image/f=auto,fit=scale-down,q=70,metadata=none,w=270/app/assets/products/sliding_images/jpeg/78ab19a8-fc0c-49e4-ae0a-d3d4cfbcd906.jpg?ts=1726052111"
Baby Corn - Packet,200 g,₹42,₹58,false,"https://cdn.grofers.com/cdn-cgi/image/f=auto,fit=scale-down,q=70,metadata=none,w=270/app/assets/products/sliding_images/jpeg/33e543a7-812d-4a03-aa8c-7c031a63fd79.jpg?ts=1727268502"
Organically Grown English Cucumber,500 g,₹46,₹62,false,"https://cdn.grofers.com/cdn-cgi/image/f=auto,fit=scale-down,q=70,metadata=none,w=270/da/cms-assets/cms/product/3f3376b0-ae59-468b-b5a0-8209a2f28e02.jpg?ts=1735537704"
Organically Grown Green Cucumber,500 g,₹43,₹55,false,"https://cdn.grofers.com/cdn-cgi/image/f=auto,fit=scale-down,q=70,metadata=none,w=270/da/cms-assets/cms/product/333f6531-21a7-4c7f-aa13-734d7acc902a.jpg?ts=1735404064"
Organically Grown Amla,250 g,₹26,₹35,false,"https://cdn.grofers.com/cdn-cgi/image/f=auto,fit=scale-down,q=70,metadata=none,w=270/da/cms-assets/cms/product/75b4c3c2-3e97-436b-8866-9705a070c7a2.jpg?ts=1735404276"
Organically Grown Amla,250 g,₹26,₹34,false,"https://cdn.grofers.com/cdn-cgi/image/f=auto,fit=scale-down,q=70,metadata=none,w=270/da/cms-assets/cms/product/5b2ab520-5f8d-41c5-80e5-0ee9b076a39b.jpg?ts=1735403844"
Gajar Halwa Combo,500 ml + 500 g + 200 g,₹129,₹139,false,"https://cdn.grofers.com/cdn-cgi/image/f=auto,fit=scale-down,q=70,metadata=none,w=270/da/cms-assets/cms/product/a407e073-6dfe-4e6b-aa2c-0650890f614a.jpg?ts=1736144366"
Organically Grown Beetroot,250 g,₹39,₹49,false,"https://cdn.grofers.com/cdn-cgi/image/f=auto,fit=scale-down,q=70,metadata=none,w=270/da/cms-assets/cms/product/fa37a2d0-1966-4d98-9908-d43a75301ae4.jpg?ts=1735403856"
Organically Grown Onion,500 g,₹43,₹55,false,"https://cdn.grofers.com/cdn-cgi/image/f=auto,fit=scale-down,q=70,metadata=none,w=270/da/cms-assets/cms/product/73169d80-e1cb-4cb8-82d3-0fbe9cc24a53.jpg?ts=1735404047"
Organically Grown Potato,1 kg,₹57,₹74,false,"https://cdn.grofers.com/cdn-cgi/image/f=auto,fit=scale-down,q=70,metadata=none,w=270/da/cms-assets/cms/product/da5ca774-79fa-43f7-b6ef-59f25adcb378.jpg?ts=1735404042"
Organically Grown Ginger,100 g,₹22,₹30,false,"https://cdn.grofers.com/cdn-cgi/image/f=auto,fit=scale-down,q=70,metadata=none,w=270/da/cms-assets/cms/product/ca811409-6314-4091-b9ac-692e19a3c6ea.jpg?ts=1735285945"
Organically Grown Ginger,100 g,₹24,₹30,false,"https://cdn.grofers.com/cdn-cgi/image/f=auto,fit=scale-down,q=70,metadata=none,w=270/da/cms-assets/cms/product/73cbd2f0-e3f4-43b9-9c29-e76091c30547.jpg?ts=1734330909"
Organically Grown Cabbage,1 piece (300-400) g,₹46,₹60,false,"https://cdn.grofers.com/cdn-cgi/image/f=auto,fit=scale-down,q=70,metadata=none,w=270/da/cms-assets/cms/product/3ab23e86-92b0-480f-941d-6ef2124c20ea.jpg?ts=1735116286"
Kaffir Lime Leaves (Makroot),10 g,₹37,₹48,false,"https://cdn.grofers.com/cdn-cgi/image/f=auto,fit=scale-down,q=70,metadata=none,w=270/app/assets/products/sliding_images/jpeg/008bed76-4c24-429d-93c9-a5ac457820ef.jpg?ts=1726052133"
Organically Grown Lemon,250 g,₹54,₹74,false,"https://cdn.grofers.com/cdn-cgi/image/f=auto,fit=scale-down,q=70,metadata=none,w=270/da/cms-assets/cms/product/5103ffc9-63e8-475f-9aea-037a2a098c28.jpg?ts=1736011574"
Organically Grown Bottle Gourd,1 piece (400 - 600) g,₹43,₹54,false,"https://cdn.grofers.com/cdn-cgi/image/f=auto,fit=scale-down,q=70,metadata=none,w=270/da/cms-assets/cms/product/6f28044a-3070-450f-a09c-756a968dcb87.jpg?ts=1735404251"
Organically Grown Cauliflower,1 piece (300 - 400) g,₹60,₹82,false,"https://cdn.grofers.com/cdn-cgi/image/f=auto,fit=scale-down,q=70,metadata=none,w=270/da/cms-assets/cms/product/f17fb3e4-05f9-4215-82df-ea715647acdd.jpg?ts=1735285961"
Organically Grown Cauliflower,1 piece (300-400) g,₹60,₹81,false,"https://cdn.grofers.com/cdn-cgi/image/f=auto,fit=scale-down,q=70,metadata=none,w=270/da/cms-assets/cms/product/e1a5035a-eb37-4fc3-9184-bdb84d137200.jpg?ts=1735116279"
Organically Grown Lady Finger,250 g,₹40,₹53,false,"https://cdn.grofers.com/cdn-cgi/image/f=auto,fit=scale-down,q=70,metadata=none,w=270/da/cms-assets/cms/product/f9b2af9e-2309-402b-922c-7b7857566101.jpg"
Organically Grown Lady Finger,250 g,₹40,₹50,false,"https://cdn.grofers.com/cdn-cgi/image/f=auto,fit=scale-down,q=70,metadata=none,w=270/da/cms-assets/cms/product/aec3b697-e9a9-450e-9d6f-c97ac88fad0d.jpg?ts=1735404051"
Organically Grown Onion,500 g,₹43,₹59,false,"https://cdn.grofers.com/cdn-cgi/image/f=auto,fit=scale-down,q=70,metadata=none,w=270/da/cms-assets/cms/product/b0ef9089-d160-4ac8-9b96-41b4a540ce94.jpg?ts=1735285982"
Organically Grown Potato,1 kg,₹57,₹78,false,"https://cdn.grofers.com/cdn-cgi/image/f=auto,fit=scale-down,q=70,metadata=none,w=270/da/cms-assets/cms/product/88f0b3e4-d677-44f6-80ad-ae268c943938.jpg?ts=1735285971"
Parsley,50 g,₹24,₹30,false,"https://cdn.grofers.com/cdn-cgi/image/f=auto,fit=scale-down,q=70,metadata=none,w=270/app/assets/products/sliding_images/jpeg/8d4fe8f7-7e03-41f6-8a0c-7ab75cfe8646.jpg?ts=1707977280"
Organically Grown Green Peas,250 g,₹71,₹95,false,"https://cdn.grofers.com/cdn-cgi/image/f=auto,fit=scale-down,q=70,metadata=none,w=270/da/cms-assets/cms/product/b433b511-4bb3-404c-8cee-4e1788761400.jpg?ts=1735404061"
Spinach (without roots) (Palak),200 g,₹34,₹43,false,"https://cdn.grofers.com/cdn-cgi/image/f=auto,fit=scale-down,q=70,metadata=none,w=270/app/assets/products/sliding_images/jpeg/52c861e2-f587-45a8-b292-194c944fd270.jpg?ts=1711442494"
Bok Choy,250 g,₹48,₹62,false,"https://cdn.grofers.com/cdn-cgi/image/f=auto,fit=scale-down,q=70,metadata=none,w=270/app/assets/products/sliding_images/jpeg/3b6e38b9-a395-40cf-834d-3dfcb1b79ea2.jpg?ts=1711440874"
Fresh Thyme,10 g,₹32,₹40,false,"https://cdn.grofers.com/cdn-cgi/image/f=auto,fit=scale-down,q=70,metadata=none,w=270/app/assets/products/sliding_images/jpeg/2c6dd14c-43b9-4801-af30-6bb4088fc33c.jpg?ts=1726052102"
Italian Basil Leaves,50 g,₹29,₹40,false,"https://cdn.grofers.com/cdn-cgi/image/f=auto,fit=scale-down,q=70,metadata=none,w=270/app/assets/products/sliding_images/jpeg/66ef3be7-8bbb-40f0-887f-74dd2a4c9e05.jpg?ts=1711698363"
Black Carrot,500 g,₹60,₹77,false,"https://cdn.grofers.com/cdn-cgi/image/f=auto,fit=scale-down,q=70,metadata=none,w=270/app/images/products/sliding_image/449545a.jpg?ts=1687331133"
Dill Leaves (Shepu) (Soya),100 g,₹26,₹33,false,"https://cdn.grofers.com/cdn-cgi/image/f=auto,fit=scale-down,q=70,metadata=none,w=270/app/images/products/sliding_image/535900a.jpg?ts=1704266788"
Italian Tomato Soup,50 g + 500 g + 200 g,₹127,₹166,false,"https://cdn.grofers.com/cdn-cgi/image/f=auto,fit=scale-down,q=70,metadata=none,w=270/da/cms-assets/cms/product/2d5dad2f-134b-4dc3-836c-a8809ccc2a0b.jpg?ts=1733126039"
Hara Chana Saag,200 g,₹17,₹85,false,"https://cdn.grofers.com/cdn-cgi/image/f=auto,fit=scale-down,q=70,metadata=none,w=270/app/images/products/sliding_image/502583a.jpg?ts=1703587767"
Butternut Squash by Krishi Cress,(600-800) g,₹156,₹204,false,"https://cdn.grofers.com/cdn-cgi/image/f=auto,fit=scale-down,q=70,metadata=none,w=270/app/images/products/sliding_image/536544a.jpg"
Potato (0.95 kg - 1.05 kg) (Aloo),(0.95 - 1.05) kg,₹44,₹58,true,"https://cdn.grofers.com/cdn-cgi/image/f=auto,fit=scale-down,q=70,metadata=none,w=270/app/assets/products/sliding_images/jpeg/92cdc38d-4c41-4069-926c-79a9acc996be.jpg?ts=1721243625"
Cabbage (Patta Gobhi),1 piece (400 - 600) g,₹11,₹15,true,"https://cdn.grofers.com/cdn-cgi/image/f=auto,fit=scale-down,q=70,metadata=none,w=270/app/assets/products/sliding_images/jpeg/9a806b4f-1793-465f-a3ae-b3b221acbfb9.jpg?ts=1711016570"
Bottle Gourd (Lauki),1 piece (400 - 600) g,₹34,₹46,true,"https://cdn.grofers.com/cdn-cgi/image/f=auto,fit=scale-down,q=70,metadata=none,w=270/app/assets/products/sliding_images/jpeg/80aaa2e4-c2ef-42f8-b588-a36eebf9bb33.jpg?ts=1711694426"
Sweet Potato (450-600) g (Shakarkandi),(450-600) g,₹58,₹77,true,"https://cdn.grofers.com/cdn-cgi/image/f=auto,fit=scale-down,q=70,metadata=none,w=270/app/assets/products/sliding_images/jpeg/185bc66d-57f1-4d60-818c-3ad4a52e09f3.jpg?ts=1732710610"
Small Purple Brinjal (Baingan),(250 - 300) g,₹20,₹25,true,"https://cdn.grofers.com/cdn-cgi/image/f=auto,fit=scale-down,q=70,metadata=none,w=270/app/images/products/sliding_image/14795a.jpg?ts=1698148037"
Pointed Gourd (250 g) (Parwal),250 g,₹34,₹45,true,"https://cdn.grofers.com/cdn-cgi/image/f=auto,fit=scale-down,q=70,metadata=none,w=270/app/assets/products/sliding_images/jpeg/a920aeec-b81e-48b2-b456-47f2c899eada.jpg?ts=1714120677"
Arvi,(250 - 300) g,₹37,₹51,true,"https://cdn.grofers.com/cdn-cgi/image/f=auto,fit=scale-down,q=70,metadata=none,w=270/app/assets/products/sliding_images/jpeg/c399c46f-91e7-4ad0-8211-20e167fb1fb7.jpg?ts=1711472717"
Long Purple Brinjal (Baingan),500 g,₹33,₹44,true,"https://cdn.grofers.com/cdn-cgi/image/f=auto,fit=scale-down,q=70,metadata=none,w=270/app/assets/products/sliding_images/jpeg/53fea310-4f14-45e4-83a2-6f6287d219b2.jpg?ts=1713944140"
Sponge Gourd (Tori),(400 - 500) g,₹71,₹97,true,"https://cdn.grofers.com/cdn-cgi/image/f=auto,fit=scale-down,q=70,metadata=none,w=270/app/assets/products/sliding_images/jpeg/4f10087e-205a-4756-baf3-6b01efaf6762.jpg?ts=1711023329"
Round Bottle Gourd (Gol Lauki),(300 - 400) g,₹38,₹50,true,"https://cdn.grofers.com/cdn-cgi/image/f=auto,fit=scale-down,q=70,metadata=none,w=270/app/assets/products/sliding_images/jpeg/362a2e3a-7b9f-42e7-9be9-af87691bb9f0.jpg?ts=1714680520"
Round Gourd (Tinda),250 g,₹45,₹58,true,"https://cdn.grofers.com/cdn-cgi/image/f=auto,fit=scale-down,q=70,metadata=none,w=270/app/assets/products/sliding_images/jpeg/60efa15d-87fd-4b83-bdb2-39bef279a3d7.jpg?ts=1711472826"
Chappan Tinda/ Summer Squash,500 g,₹30,₹39,true,"https://cdn.grofers.com/cdn-cgi/image/f=auto,fit=scale-down,q=70,metadata=none,w=270/app/images/products/sliding_image/447628a.jpg?ts=1690812701"
Green Pumpkin (Hara Kaddu),1.5 - 2.5 kg,₹101,₹128,true,"https://cdn.grofers.com/cdn-cgi/image/f=auto,fit=scale-down,q=70,metadata=none,w=270/app/assets/products/sliding_images/jpeg/1b883735-6d54-45e3-ad9c-d5d2433c5a99.jpg?ts=1710344583"
Green Radish Pods (Mogri Beans) (Mogri Phali),200 g,₹25,₹34,true,"https://cdn.grofers.com/cdn-cgi/image/f=auto,fit=scale-down,q=70,metadata=none,w=270/app/images/products/sliding_image/347342a.jpg?ts=1700829174"
Potato + Hybrid Tomato + Onion Combo,(0.95 - 1.05) kg + 500 g + 0.95  - 1.05 kg,₹93,₹125,true,"https://cdn.grofers.com/cdn-cgi/image/f=auto,fit=scale-down,q=70,metadata=none,w=270/app/assets/products/sliding_images/jpeg/3895d274-e4fa-49b7-9fbb-dbc7dea6587c.jpg?ts=1721907668"
Potato + Desi Tomato + Onion Combo,(0.95 - 1.05) kg + 500 g + 0.95  - 1.05 kg,₹91,₹123,true,"https://cdn.grofers.com/cdn-cgi/image/f=auto,fit=scale-down,q=70,metadata=none,w=270/app/assets/products/sliding_images/jpeg/7d035e2f-ebf8-4264-ac0f-17d868fc757f.jpg?ts=1721907672"
Baby Bottle Gourd (Lauki),1 piece (250 - 350) g,₹21,₹28,true,"https://cdn.grofers.com/cdn-cgi/image/f=auto,fit=scale-down,q=70,metadata=none,w=270/app/assets/products/sliding_images/jpeg/dc336a7a-26ce-4f67-9413-a35fcfd6ef47.jpg?ts=1708593408"
Brinjal Ujala,250 g,₹100,₹125,true,"https://cdn.grofers.com/cdn-cgi/image/f=auto,fit=scale-down,q=70,metadata=none,w=270/app/images/products/sliding_image/367367a.jpg?ts=1690814275"
Red Carrot (Gajar),500 g,₹20,₹27,true,"https://cdn.grofers.com/cdn-cgi/image/f=auto,fit=scale-down,q=70,metadata=none,w=270/app/assets/products/sliding_images/jpeg/aae5ad53-fa53-4e87-8464-478feb5bbedf.jpg?ts=1711014092"
Orange Carrot (Gajar),(200 - 250) g,₹22,₹29,true,"https://cdn.grofers.com/cdn-cgi/image/f=auto,fit=scale-down,q=70,metadata=none,w=270/app/assets/products/sliding_images/jpeg/0c1933a9-b8ba-411c-acef-5d32ec3c3860.jpg?ts=1713944180"
Combo of 3 - Onion 1 kg + Potato 1 kg + Desi Tomato 500 g,1 kg + 1 kg + 500 g,₹162,₹220,true,"https://cdn.grofers.com/cdn-cgi/image/f=auto,fit=scale-down,q=70,metadata=none,w=270/app/images/products/sliding_image/487717a.jpg?ts=1703670139"
Combo of 3 - Onion 1 kg + Potato 1 kg + Desi Tomato 500 g,1 kg + 1 kg + 500 g,₹159,₹214,true,"https://cdn.grofers.com/cdn-cgi/image/f=auto,fit=scale-down,q=70,metadata=none,w=270/app/images/products/sliding_image/487718a.jpg?ts=1703670233"
Combo of 3 - Potato 1 Kg + Desi Tomato 500 g + Onion 1 kg,1 kg + 500 g + 0.95  - 1.05 kg,₹87,₹115,true,"https://cdn.grofers.com/cdn-cgi/image/f=auto,fit=scale-down,q=70,metadata=none,w=270/app/assets/products/sliding_images/jpeg/73c40daa-e748-42f4-8419-3a9c4b96cd2a.jpg?ts=1716979450"
Combo of 3 - Potato 1 Kg + Hybrid Tomato 500 g + Onion  1 kg,1 kg + 500 g + 0.95  - 1.05 kg,₹89,₹117,true,"https://cdn.grofers.com/cdn-cgi/image/f=auto,fit=scale-down,q=70,metadata=none,w=270/app/assets/products/sliding_images/jpeg/0173ddac-ddfd-4e83-8816-9eab4494ccec.jpg?ts=1716979448"
Combo of 3 - Onion 1 kg + Potato 1 kg + Hybrid Tomato 500 g,1 kg + 1 kg + 500 g,₹155,₹200,true,"https://cdn.grofers.com/cdn-cgi/image/f=auto,fit=scale-down,q=70,metadata=none,w=270/app/images/products/sliding_image/487030a.jpg?ts=1703673761"
Combo of 3 - Onion 1 kg + Potato 1 kg + Hybrid Tomato 500 g,1 kg + 1 kg + 500 g,₹152,₹194,true,"https://cdn.grofers.com/cdn-cgi/image/f=auto,fit=scale-down,q=70,metadata=none,w=270/app/images/products/sliding_image/487029a.jpg?ts=1703669856"
Green Cucumber (Kheera),(500 - 700) g,₹31,₹41,true,"https://cdn.grofers.com/cdn-cgi/image/f=auto,fit=scale-down,q=70,metadata=none,w=270/app/assets/products/sliding_images/jpeg/861fd2fe-69e6-4651-8ee2-b2425a89af74.jpg?ts=1711022175"
Garlic Ekali (Lehsun),200 g,₹130,₹175,true,"https://cdn.grofers.com/cdn-cgi/image/f=auto,fit=scale-down,q=70,metadata=none,w=270/app/images/products/sliding_image/421702a.jpg?ts=1690808786"
Kachalu,500 g,₹23,₹31,true,"https://cdn.grofers.com/cdn-cgi/image/f=auto,fit=scale-down,q=70,metadata=none,w=270/app/images/products/sliding_image/467772a.jpg?ts=1690813618"
Karonda,250 g,₹51,₹66,true,"https://cdn.grofers.com/cdn-cgi/image/f=auto,fit=scale-down,q=70,metadata=none,w=270/app/assets/products/sliding_images/jpeg/4e61d60e-6be0-4bd8-bf56-bd808cefd1a5.jpg?ts=1719824290"
Potato (1 kg) (Aloo),1 kg,₹29,₹40,true,"https://cdn.grofers.com/cdn-cgi/image/f=auto,fit=scale-down,q=70,metadata=none,w=270/app/assets/products/sliding_images/jpeg/e21d501a-0f8d-4c14-ac17-376707961c02.jpg?ts=1711473680"
Potato - 1 kg (Aloo),1 kg,₹28,₹37,true,"https://cdn.grofers.com/cdn-cgi/image/f=auto,fit=scale-down,q=70,metadata=none,w=270/app/assets/products/sliding_images/jpeg/010338d5-1e38-41fd-b918-6f0daebcdd0f.jpg?ts=1711473369"
Potato 1 kg (Aloo),1 kg,₹25,₹31,true,"https://cdn.grofers.com/cdn-cgi/image/f=auto,fit=scale-down,q=70,metadata=none,w=270/app/assets/products/sliding_images/jpeg/9c5d6a92-1d05-46e9-8f13-e8e3a1fbe21e.jpg?ts=1710576418"
Radish with Leaves (Mooli),2 pieces (400 - 600) g,₹14,₹18,true,"https://cdn.grofers.com/cdn-cgi/image/f=auto,fit=scale-down,q=70,metadata=none,w=270/app/images/products/sliding_image/438648a.jpg?ts=1690813847"
Ridge Gourd (Torai),(500 - 600) g,₹75,₹94,true,"https://cdn.grofers.com/cdn-cgi/image/f=auto,fit=scale-down,q=70,metadata=none,w=270/app/assets/products/sliding_images/jpeg/6a5b2806-bdf1-489f-a31b-6581c5a2a0a0.jpg?ts=1726553710"
Snake Gourd (Chichinda),500 g,₹43,₹59,true,"https://cdn.grofers.com/cdn-cgi/image/f=auto,fit=scale-down,q=70,metadata=none,w=270/app/assets/products/sliding_images/jpeg/f33927c1-2f6c-4b14-9138-4153cb8703a1.jpg?ts=1714639525"
Hybrid Tomato 500 g (Tamatar),500 g,₹90,₹115,true,"https://cdn.grofers.com/cdn-cgi/image/f=auto,fit=scale-down,q=70,metadata=none,w=270/app/assets/products/sliding_images/jpeg/f61f5d13-49be-4d70-b083-b4822fb609c3.jpg?ts=1717305373"
Desi Tomato (Tamatar),500 g,₹97,₹135,true,"https://cdn.grofers.com/cdn-cgi/image/f=auto,fit=scale-down,q=70,metadata=none,w=270/app/assets/products/sliding_images/jpeg/442798c8-4004-41a6-94b5-3ffba5b9f0c1.jpg?ts=1717305398"
Desi Tomato (2 x 500 g) Pack of 2 (Desi Tamatar),2 x 500 g,₹194,₹270,true,"https://cdn.grofers.com/cdn-cgi/image/f=auto,fit=scale-down,q=70,metadata=none,w=270/app/images/products/sliding_image/487713a.jpg?ts=1690813304"
Green Tomato,500 g,₹300,₹393,true,"https://cdn.grofers.com/cdn-cgi/image/f=auto,fit=scale-down,q=70,metadata=none,w=270/app/images/products/sliding_image/333536a.jpg?ts=1690814315"
Ginger - Organically Grown (Adrak),100 g,₹25,₹34,true,"https://cdn.grofers.com/cdn-cgi/image/f=auto,fit=scale-down,q=70,metadata=none,w=270/app/assets/products/sliding_images/jpeg/5e863caa-ea9b-465e-8f0b-847c3ecb7d57.jpg?ts=1714120683"
Sweet Corn - Packet,(180 - 200) g,₹33,₹75,true,"https://cdn.grofers.com/cdn-cgi/image/f=auto,fit=scale-down,q=70,metadata=none,w=270/app/assets/products/sliding_images/jpeg/bc557199-ca1a-4687-9e49-9a0f4469a43d.jpg?ts=1711442493"
Garlic Peeled,100 g,₹87,₹180,true,"https://cdn.grofers.com/cdn-cgi/image/f=auto,fit=scale-down,q=70,metadata=none,w=270/app/assets/products/sliding_images/jpeg/7ba857f6-acba-47fe-88f9-e9fc2c767b57.jpg?ts=1711473527"
Garlic - Organically Grown (Lehsun),100 g,₹71,₹96,true,"https://cdn.grofers.com/cdn-cgi/image/f=auto,fit=scale-down,q=70,metadata=none,w=270/app/assets/products/sliding_images/jpeg/efc3ad23-5cf0-4d38-93a2-801c744f6d6b.jpg?ts=1712461106"
Organic Onion (Pyaz),500 g,₹44,₹60,true,"https://cdn.grofers.com/cdn-cgi/image/f=auto,fit=scale-down,q=70,metadata=none,w=270/app/assets/products/sliding_images/jpeg/94b14546-7689-4496-a5d7-7d26f34d1425.jpg?ts=1712461116"
Potato - Organically Grown,1 kg,₹59,₹82,true,"https://cdn.grofers.com/cdn-cgi/image/f=auto,fit=scale-down,q=70,metadata=none,w=270/app/assets/products/sliding_images/jpeg/64a608c9-4787-41e9-be9c-d756c1a240d7.jpg?ts=1712461085"
Mixed Sprouts,200 g,₹44,₹75,true,"https://cdn.grofers.com/cdn-cgi/image/f=auto,fit=scale-down,q=70,metadata=none,w=270/app/assets/products/sliding_images/jpeg/b62f8a2c-ffd7-4f88-aab2-beb50352a3d6.jpg?ts=1711440869"
Spinach (Palak),200 g,₹11,₹14,true,"https://cdn.grofers.com/cdn-cgi/image/f=auto,fit=scale-down,q=70,metadata=none,w=270/da/cms-assets/cms/product/65992018-7445-407c-833c-6c6a0bcafe7f.jpg?ts=1732162345"
Red Bell Pepper,1 piece (125 - 175) g,₹37,₹46,true,"https://cdn.grofers.com/cdn-cgi/image/f=auto,fit=scale-down,q=70,metadata=none,w=270/app/assets/products/sliding_images/jpeg/2cf767f3-867a-4330-a319-b9c6ebc81613.jpg?ts=1711472824"
Beetroot - Organically Grown (Chukandar),250 g,₹39,₹53,true,"https://cdn.grofers.com/cdn-cgi/image/f=auto,fit=scale-down,q=70,metadata=none,w=270/app/assets/products/sliding_images/jpeg/638c2cbf-47d1-4209-a964-80beb4f28e61.jpg?ts=1712461090"
Amla Organically Grown,250 g,₹26,₹33,true,"https://cdn.grofers.com/cdn-cgi/image/f=auto,fit=scale-down,q=70,metadata=none,w=270/da/cms-assets/cms/product/a384fc81-a79c-4aef-a575-864414e09891.jpg?ts=1731401403"
Chilli - Organically Grown (Mirch),100 g,₹13,₹18,true,"https://cdn.grofers.com/cdn-cgi/image/f=auto,fit=scale-down,q=70,metadata=none,w=270/app/assets/products/sliding_images/jpeg/c5d0c008-7289-4d4b-9aab-cbb716eca469.jpg?ts=1712461092"
Cauliflower - Organically Grown (Ful Gobhi),1 piece (300 - 400) g,₹61,₹77,true,"https://cdn.grofers.com/cdn-cgi/image/f=auto,fit=scale-down,q=70,metadata=none,w=270/app/assets/products/sliding_images/jpeg/69dbe401-ad3b-4061-bbfc-039a75b3ae3a.jpg?ts=1713868649"
Lemon 250 g (Nimbu),250 g,₹54,₹68,true,"https://cdn.grofers.com/cdn-cgi/image/f=auto,fit=scale-down,q=70,metadata=none,w=270/app/assets/products/sliding_images/jpeg/baf0a876-2932-4dd7-b621-fd7c0a7f85bc.jpg?ts=1714120688"
Lady Finger - Organically Grown (Bhindi),250 g,₹40,₹50,true,"https://cdn.grofers.com/cdn-cgi/image/f=auto,fit=scale-down,q=70,metadata=none,w=270/app/assets/products/sliding_images/jpeg/f29294f7-15b6-4bf0-97ef-4788dfc731da.jpg?ts=1712461112"
French Beans - Organically Grown,250 g,₹39,₹53,true,"https://cdn.grofers.com/cdn-cgi/image/f=auto,fit=scale-down,q=70,metadata=none,w=270/app/assets/products/sliding_images/jpeg/6e0cb69d-68cc-40f1-bd48-9dd2445c177c.jpg?ts=1712461094"
Green Peas (Peeled),200 g,₹120,₹250,true,"https://cdn.grofers.com/cdn-cgi/image/f=auto,fit=scale-down,q=70,metadata=none,w=270/app/assets/products/sliding_images/jpeg/9193b229-3ca3-4cce-9156-920f3e9761a8.jpg?ts=1711017376"
Spring Onion (Hari Pyaz),150 g,₹11,₹14,true,"https://cdn.grofers.com/cdn-cgi/image/f=auto,fit=scale-down,q=70,metadata=none,w=270/app/assets/products/sliding_images/jpeg/71cceb30-9566-4fd1-864d-49c0ce7335c8.jpg?ts=1711472825"
Hybrid Tomato Organically Grown,500 g,₹47,₹62,true,"https://cdn.grofers.com/cdn-cgi/image/f=auto,fit=scale-down,q=70,metadata=none,w=270/app/assets/products/sliding_images/jpeg/17722430-600c-4f71-b80d-45b5b66081d4.jpg?ts=1727109525"
Fenugreek (Methi),250 g,₹17,₹23,true,"https://cdn.grofers.com/cdn-cgi/image/f=auto,fit=scale-down,q=70,metadata=none,w=270/app/assets/products/sliding_images/jpeg/6efe6e43-354e-46c3-9fdf-c29a9898f652.jpg?ts=1711695628"
Green Capsicum - Organically Grown,(250-300) g,₹33,₹43,true,"https://cdn.grofers.com/cdn-cgi/image/f=auto,fit=scale-down,q=70,metadata=none,w=270/app/assets/products/sliding_images/jpeg/9163031f-4181-4bf1-a4d3-6887b4afe5e6.jpg?ts=1712562472"
Green Cucumber - Organically Grown (Kheera),500 g,₹58,₹75,true,"https://cdn.grofers.com/cdn-cgi/image/f=auto,fit=scale-down,q=70,metadata=none,w=270/app/assets/products/sliding_images/jpeg/9cd623e5-5e58-4e17-9315-fc6dcb7af472.jpg?ts=1712461093"
Radish Organically Grown,(500-600) g,₹34,₹44,true,"https://cdn.grofers.com/cdn-cgi/image/f=auto,fit=scale-down,q=70,metadata=none,w=270/da/cms-assets/cms/product/95fd72da-972c-44dc-8abb-85bbbef39371.jpg"
Pulao Veggie Mix,250 g,₹68,₹130,true,"https://cdn.grofers.com/cdn-cgi/image/f=auto,fit=scale-down,q=70,metadata=none,w=270/app/assets/products/sliding_images/jpeg/35a1b624-710c-4a37-a811-c573be838b65.jpg?ts=1712320344"
Brown Chana Sprouts,(150 - 160) g,₹37,₹70,true,"https://cdn.grofers.com/cdn-cgi/image/f=auto,fit=scale-down,q=70,metadata=none,w=270/app/assets/products/sliding_images/jpeg/b5d24262-766a-4927-b3b4-a8b8d79c893d.jpg?ts=1711440873"
Bottle Gourd - Organically Grown,1 piece (400 - 600) g,₹43,₹55,true,"https://cdn.grofers.com/cdn-cgi/image/f=auto,fit=scale-down,q=70,metadata=none,w=270/app/assets/products/sliding_images/jpeg/aef56c05-1e4b-4cbb-bbb1-aa4e54038aa8.jpg?ts=1723614541"
Green Peas - Organically Grown,250 g,₹71,₹92,true,"https://cdn.grofers.com/cdn-cgi/image/f=auto,fit=scale-down,q=70,metadata=none,w=270/app/assets/products/sliding_images/jpeg/34795a65-b995-47c6-8049-136acfd2c8d9.jpg?ts=1712461128"
Green Leafy Lettuce - Hydroponically Grown,(120 - 150) g,₹59,₹73,true,"https://cdn.grofers.com/cdn-cgi/image/f=auto,fit=scale-down,q=70,metadata=none,w=270/app/assets/products/sliding_images/jpeg/793301da-ec06-4159-a9b2-090ddc869515.jpg?ts=1711440870"
"Organic English Cucumber (Khira, Kheera)",500 g,₹46,₹61,true,"https://cdn.grofers.com/cdn-cgi/image/f=auto,fit=scale-down,q=70,metadata=none,w=270/app/assets/products/sliding_images/jpeg/9c531539-b8ac-45c8-a224-2d6ccb21e348.jpg?ts=1710506127"
Organically Grown Hybrid Tomato,500 g,₹47,₹61,true,"https://cdn.grofers.com/cdn-cgi/image/f=auto,fit=scale-down,q=70,metadata=none,w=270/da/cms-assets/cms/product/2ffadca4-d6fe-434b-bf7a-6c3d20def89d.jpg?ts=1735116273"
Organically Grown Green Chilli,100 g,₹13,₹17,true,"https://cdn.grofers.com/cdn-cgi/image/f=auto,fit=scale-down,q=70,metadata=none,w=270/da/cms-assets/cms/product/ca2943e8-7907-4ec9-a20f-b737a47ccd76.jpg?ts=1735404228"
Bitter Gourd - Organically Grown (Karela),250 g,₹26,₹33,true,"https://cdn.grofers.com/cdn-cgi/image/f=auto,fit=scale-down,q=70,metadata=none,w=270/app/assets/products/sliding_images/jpeg/1d2ca77a-ec3a-4fb9-9985-69f9523a4006.jpg?ts=1712320352"
Cabbage - Organically Grown (Patta Gobhi),1 piece (300 - 400) g,₹46,₹60,true,"https://cdn.grofers.com/cdn-cgi/image/f=auto,fit=scale-down,q=70,metadata=none,w=270/app/assets/products/sliding_images/jpeg/01290b0c-22f2-4648-abd5-ff2a0215bba6.jpg?ts=1712461090"
Organically Grown Radish,(500-600) g,₹32,₹40,true,"https://cdn.grofers.com/cdn-cgi/image/f=auto,fit=scale-down,q=70,metadata=none,w=270/da/cms-assets/cms/product/0a1351e6-c386-4c13-9028-f994052fb13f.jpg?ts=1735116261"
Organically Grown Spinach,250 g,₹32,₹43,true,"https://cdn.grofers.com/cdn-cgi/image/f=auto,fit=scale-down,q=70,metadata=none,w=270/da/cms-assets/cms/product/6de3f4c1-83e2-45cc-be18-b9be5f632967.jpg?ts=1735116253"
Organically Grown Bitter Gourd,250 g,₹26,₹34,true,"https://cdn.grofers.com/cdn-cgi/image/f=auto,fit=scale-down,q=70,metadata=none,w=270/da/cms-assets/cms/product/1473c95b-04f5-4abc-9883-010de79052c9.jpg?ts=1735404258"
Mint Leaves (Pudina),200 g,₹18,₹24,true,"https://cdn.grofers.com/cdn-cgi/image/f=auto,fit=scale-down,q=70,metadata=none,w=270/app/assets/products/sliding_images/jpeg/eb7ffed7-e3e5-46ac-a093-286b72940ee1.jpg?ts=1711472718"
Spinach - Chopped,250 g,₹39,₹100,true,"https://cdn.grofers.com/cdn-cgi/image/f=auto,fit=scale-down,q=70,metadata=none,w=270/app/assets/products/sliding_images/jpeg/36ba1e4b-5cef-49df-a01f-e59580f438cf.jpg?ts=1712320356"
Green Chick Peas - Peeled (Hara Chana),200 g,₹70,₹97,true,"https://cdn.grofers.com/cdn-cgi/image/f=auto,fit=scale-down,q=70,metadata=none,w=270/app/assets/products/sliding_images/jpeg/5549af68-281e-4c83-8845-5f72612b6f0f.jpg?ts=1711440875"
Groundnut (Moongfali),500 g,₹96,₹134,true,"https://cdn.grofers.com/cdn-cgi/image/f=auto,fit=scale-down,q=70,metadata=none,w=270/da/cms-assets/cms/product/8a042e76-1487-402c-a10a-a566cd3aa617.jpg?ts=1732162342"
Mint Leaves (Without Roots) (Pudina),100 g,₹41,₹89,true,"https://cdn.grofers.com/cdn-cgi/image/f=auto,fit=scale-down,q=70,metadata=none,w=270/app/assets/products/sliding_images/jpeg/b2a44efa-f3e4-4db8-8b1a-a1e10c9da956.jpg?ts=1711473368"
Chenopodium (Bathua),250 g,₹19,₹24,true,"https://cdn.grofers.com/cdn-cgi/image/f=auto,fit=scale-down,q=70,metadata=none,w=270/app/images/products/sliding_image/438225a.jpg?ts=1700827056"
Fenugreek Leaves (without Roots) (Methi),200 g,₹36,₹49,true,"https://cdn.grofers.com/cdn-cgi/image/f=auto,fit=scale-down,q=70,metadata=none,w=270/app/assets/products/sliding_images/jpeg/f4ff9d69-9e07-484b-b242-8a4cefbc2a53.jpg?ts=1711472826"
"Mustard Leaves (Sarso Saag, Sarsoon ka Saag)",500 g,₹34,₹80,true,"https://cdn.grofers.com/cdn-cgi/image/f=auto,fit=scale-down,q=70,metadata=none,w=270/app/images/products/sliding_image/174117a.jpg?ts=1701433957"
Tomato - Organically Grown (Tamatar),500 g,₹49,₹62,true,"https://cdn.grofers.com/cdn-cgi/image/f=auto,fit=scale-down,q=70,metadata=none,w=270/app/assets/products/sliding_images/jpeg/730b55dd-cdb4-4d0d-bb2f-8e3c89d1cab6.jpg?ts=1722421660"
ABC Juice,2 pieces (300 - 400) g + (500 - 600) g + 500 g,₹178,₹231,true,"https://cdn.grofers.com/cdn-cgi/image/f=auto,fit=scale-down,q=70,metadata=none,w=270/da/cms-assets/cms/product/14bebccd-ac22-4978-82db-624afb2ad1b6.jpg?ts=1733126034"
White Onion (Safed Pyaz),500 g,₹56,₹70,true,"https://cdn.grofers.com/cdn-cgi/image/f=auto,fit=scale-down,q=70,metadata=none,w=270/app/assets/products/sliding_images/jpeg/0e8ea6af-df92-4ba3-8687-2d31604181db.jpg?ts=1711010247"
Soya Aloo,100 g + (0.95 - 1.05) kg,₹69,₹91,true,"https://cdn.grofers.com/cdn-cgi/image/f=auto,fit=scale-down,q=70,metadata=none,w=270/da/cms-assets/cms/product/e292fc1d-b3a2-4739-8e14-3681e648d53c.jpg?ts=1733126018"
Jumbo Lemon - Organically Grown,2 pieces (200 - 250) g,₹66,₹88,true,"https://cdn.grofers.com/cdn-cgi/image/f=auto,fit=scale-down,q=70,metadata=none,w=270/app/assets/products/sliding_images/jpeg/4b0bae62-c14f-4b4e-8f50-68bd4a15b567.jpg?ts=1724936720"
Spring Garlic,200 g,₹20,₹27,true,"https://cdn.grofers.com/cdn-cgi/image/f=auto,fit=scale-down,q=70,metadata=none,w=270/app/images/products/sliding_image/381779a.jpg?ts=1704877977"
Rosemary,20 g,₹33,₹44,true,"https://cdn.grofers.com/cdn-cgi/image/f=auto,fit=scale-down,q=70,metadata=none,w=270/app/assets/products/sliding_images/jpeg/ede77e3c-f60f-4963-9b76-d9c8beb48d1f.jpg?ts=1711473133"
Yam - Cubes,250 g,₹52,₹55,true,"https://cdn.grofers.com/cdn-cgi/image/f=auto,fit=scale-down,q=70,metadata=none,w=270/app/images/products/sliding_image/467678a.jpg?ts=1688471685"
Giloy Stick,(25 - 35) g,₹35,₹75,true,"https://cdn.grofers.com/cdn-cgi/image/f=auto,fit=scale-down,q=70,metadata=none,w=270/app/assets/products/sliding_images/jpeg/34ca1ccb-4dcf-48c8-b142-fdef644a28b5.jpg?ts=1717607593"
Combo of 2 - Mint Leaves (Without Roots)  100 g + Lemon 235 g,100 g + (220 - 250) g,₹66,₹122,true,"https://cdn.grofers.com/cdn-cgi/image/f=auto,fit=scale-down,q=70,metadata=none,w=270/app/assets/products/sliding_images/jpeg/5d6216ec-8e80-4c44-b27a-3c7bd1153fbe.jpg?ts=1717607616"
Papaya Leaves,N/A,₹56,₹60,true,"https://cdn.grofers.com/cdn-cgi/image/f=auto,fit=scale-down,q=70,metadata=none,w=270/app/images/products/sliding_image/270201a.jpg?ts=1690815005"
Green Chutney,200 g + 100 g + 200 g + 100 g + 100 g,₹151,₹196,true,"https://cdn.grofers.com/cdn-cgi/image/f=auto,fit=scale-down,q=70,metadata=none,w=270/da/cms-assets/cms/product/00d5f587-2fa3-4c98-b6da-7780fa47d36c.jpg?ts=1733121817"
Thyme,20 g,₹36,₹46,true,"https://cdn.grofers.com/cdn-cgi/image/f=auto,fit=scale-down,q=70,metadata=none,w=270/app/images/products/sliding_image/294592a.jpg?ts=1690813534"
Green Amaranthus Leaves (Tandulsa) (Hari Chaulai),250 g,₹21,₹28,true,"https://cdn.grofers.com/cdn-cgi/image/f=auto,fit=scale-down,q=70,metadata=none,w=270/app/assets/products/sliding_images/jpeg/e971ad02-773c-4760-8917-3be872204135.jpg?ts=1709812866"
Red Amaranthus Leaves (Lal Chaulai),250 g,₹23,₹30,true,"https://cdn.grofers.com/cdn-cgi/image/f=auto,fit=scale-down,q=70,metadata=none,w=270/app/images/products/sliding_image/344553a.jpg?ts=1690813712"
Basil Leaves - Hydroponically Grown 25 g,25 g,₹70,₹91,true,"https://cdn.grofers.com/cdn-cgi/image/f=auto,fit=scale-down,q=70,metadata=none,w=270/app/assets/products/sliding_images/jpeg/8878c2c8-d558-4a26-b4a2-763f75f42593.jpg?ts=1712461081"
Hydroponic Italian Basil Leaves,25 g,₹45,N/A,true,"https://cdn.grofers.com/cdn-cgi/image/f=auto,fit=scale-down,q=70,metadata=none,w=270/app/images/products/sliding_image/503085a.jpg?ts=1690831448"
Tricolor Bell Pepper (Cut),250 g,₹76,₹155,true,"https://cdn.grofers.com/cdn-cgi/image/f=auto,fit=scale-down,q=70,metadata=none,w=270/app/images/products/sliding_image/467667a.jpg?ts=1690813724"
Red & Yellow Bell Pepper,2 pieces,₹97,₹134,true,"https://cdn.grofers.com/cdn-cgi/image/f=auto,fit=scale-down,q=70,metadata=none,w=270/app/assets/products/sliding_images/jpeg/54aefe89-2b01-4b15-8c3e-1c0430cf88d5.jpg?ts=1711473134"
Bok Choy - Hydroponically Grown,(100 - 125) g,₹74,₹250,true,"https://cdn.grofers.com/cdn-cgi/image/f=auto,fit=scale-down,q=70,metadata=none,w=270/app/images/products/sliding_image/475848a.jpg?ts=1690814517"
Red Cabbage,1 piece (300 - 500) g,₹28,₹38,true,"https://cdn.grofers.com/cdn-cgi/image/f=auto,fit=scale-down,q=70,metadata=none,w=270/app/assets/products/sliding_images/jpeg/8257eb54-acf0-4a3e-bcce-f99cd4b3e484.jpg?ts=1708593191"
Mix Candy Tomato (Hydroponically Grown),100 g,₹59,₹150,true,"https://cdn.grofers.com/cdn-cgi/image/f=auto,fit=scale-down,q=70,metadata=none,w=270/app/images/products/sliding_image/501486a.jpg?ts=1685692953"
Celery,250 g,₹69,₹91,true,"https://cdn.grofers.com/cdn-cgi/image/f=auto,fit=scale-down,q=70,metadata=none,w=270/app/assets/products/sliding_images/jpeg/edbbea7c-b0a7-4d6a-8a08-469edd75047e.jpg?ts=1712320350"
Cherry Tomatoes - Hydroponically Grown,(150 - 200) g,₹72,₹150,true,"https://cdn.grofers.com/cdn-cgi/image/f=auto,fit=scale-down,q=70,metadata=none,w=270/app/images/products/sliding_image/457284a.jpg?ts=1690817464"
Arvi Patta (Arvi Patta),5 pieces,₹21,₹28,true,"https://cdn.grofers.com/cdn-cgi/image/f=auto,fit=scale-down,q=70,metadata=none,w=270/app/assets/products/sliding_images/jpeg/044a9515-eb38-4c8c-9ac4-043f9ab6f989.jpg?ts=1708592051"
Combo of 3 - Basil Leaves - Hydroponically Grown 25 g + Lemon 250 g - 300 g + Fresh Mint Leaves - without roots 100 g,25 g + (250 - 300) g + 100 g,₹162,₹249,true,"https://cdn.grofers.com/cdn-cgi/image/f=auto,fit=scale-down,q=70,metadata=none,w=270/app/assets/products/sliding_images/jpeg/84d181df-e474-4015-a0f6-5502905d7341.jpg?ts=1717572314"
Combo of 3 - Basil Leaves 50 g + Lemon  (250 g - 300 g) + Mint Leaves Bunch - With roots 100 g,50 g + (250 - 300) g + 100 g,₹105,₹141,true,"https://cdn.grofers.com/cdn-cgi/image/f=auto,fit=scale-down,q=70,metadata=none,w=270/app/assets/products/sliding_images/jpeg/60f54abc-221f-4a1b-b7df-e7adf31ee097.jpg?ts=1717572588"
Combo of 2 - Mint Leaves 100 g + Lemon (250 g - 300 g),100 g + (250 - 300) g,₹77,₹101,true,"https://cdn.grofers.com/cdn-cgi/image/f=auto,fit=scale-down,q=70,metadata=none,w=270/app/assets/products/sliding_images/jpeg/dfb10ea4-e88d-47b2-ae7e-f7174e4ca5d8.jpg?ts=1716973729"
Hydroponic Snacking Seedless Cucumber,500 g,₹54,₹75,true,"https://cdn.grofers.com/cdn-cgi/image/f=auto,fit=scale-down,q=70,metadata=none,w=270/app/images/products/sliding_image/503068a.jpg?ts=1690829357"
Snacking Seedless Cucumber - Hydroponically Grown,500 g,₹69,₹89,true,"https://cdn.grofers.com/cdn-cgi/image/f=auto,fit=scale-down,q=70,metadata=none,w=270/app/images/products/sliding_image/87004a.jpg?ts=1690815062"
Drumstick Cut,200 g,₹42,₹105,true,"https://cdn.grofers.com/cdn-cgi/image/f=auto,fit=scale-down,q=70,metadata=none,w=270/app/assets/products/sliding_images/jpeg/c7e6b596-74a1-43f9-8d02-fb5cc494a410.jpg?ts=1708593039"
Edible Flowers Mix,1 pack (15-16pieces),₹171,₹218,true,"https://cdn.grofers.com/cdn-cgi/image/f=auto,fit=scale-down,q=70,metadata=none,w=270/da/cms-assets/cms/product/53e44f06-f321-4539-919f-ea66b773202d.jpg?ts=1729321909"
Curly Kale Leaves,100 g,₹146,₹195,true,"https://cdn.grofers.com/cdn-cgi/image/f=auto,fit=scale-down,q=70,metadata=none,w=270/app/images/products/sliding_image/480449a.jpg?ts=1690815052"
Kale Leaves,(100 - 125) g,₹57,₹76,true,"https://cdn.grofers.com/cdn-cgi/image/f=auto,fit=scale-down,q=70,metadata=none,w=270/da/cms-assets/cms/product/a3a13e7f-8388-4387-88ae-015175255542.jpg?ts=1733815873"
Lemongrass,100 g,₹24,₹32,true,"https://cdn.grofers.com/cdn-cgi/image/f=auto,fit=scale-down,q=70,metadata=none,w=270/app/assets/products/sliding_images/jpeg/83fbe32f-408c-4b01-90ef-e4d82ff5bf1b.jpg?ts=1710495205"
Lettuce Box - Hydroponically Grown,(100 - 125) g,₹70,₹150,true,"https://cdn.grofers.com/cdn-cgi/image/f=auto,fit=scale-down,q=70,metadata=none,w=270/app/assets/products/sliding_images/jpeg/b8688c2e-eb55-48b5-bddc-7a08db3f8dff.jpg?ts=1712461089"
Hydroponic Lettuce Mix,150 g,₹54,₹75,true,"https://cdn.grofers.com/cdn-cgi/image/f=auto,fit=scale-down,q=70,metadata=none,w=270/app/assets/products/sliding_images/jpeg/8bb613cb-8f8e-4859-9752-c0ed0188849c.jpg?ts=1708593415"
Red Lettuce,250 g,₹36,₹47,true,"https://cdn.grofers.com/cdn-cgi/image/f=auto,fit=scale-down,q=70,metadata=none,w=270/app/images/products/sliding_image/144680a.jpg?ts=1690814508"
Lettuce Box - Hydroponically Grown,(100 - 125) g,₹40,₹50,true,"https://cdn.grofers.com/cdn-cgi/image/f=auto,fit=scale-down,q=70,metadata=none,w=270/app/assets/products/sliding_images/jpeg/9eb4b16e-9c85-45d9-b250-5190c74afd70.jpg?ts=1712320354"
Romaine Lettuce,(200 - 300) g,₹35,₹43,true,"https://cdn.grofers.com/cdn-cgi/image/f=auto,fit=scale-down,q=70,metadata=none,w=270/app/assets/products/sliding_images/jpeg/dac4808b-96b6-44c2-a549-82c47056fa25.jpg?ts=1717749003"
Lotus Stem Cut,200 g,₹73,₹79,true,"https://cdn.grofers.com/cdn-cgi/image/f=auto,fit=scale-down,q=70,metadata=none,w=270/app/images/products/sliding_image/328148a.jpg?ts=1690814772"
Mint Leaves (without roots) (Pudina),100 g,₹4,₹5,true,"https://cdn.grofers.com/cdn-cgi/image/f=auto,fit=scale-down,q=70,metadata=none,w=270/app/images/products/sliding_image/3890a.jpg?ts=1693309076"
Pink Oyster Mushroom (Kukurmutta),125 g,₹500,N/A,true,"https://cdn.grofers.com/cdn-cgi/image/f=auto,fit=scale-down,q=70,metadata=none,w=270/app/images/products/sliding_image/326663a.jpg?ts=1729501116"
Portobello Mushroom,200 g,₹600,N/A,true,"https://cdn.grofers.com/cdn-cgi/image/f=auto,fit=scale-down,q=70,metadata=none,w=270/app/images/products/sliding_image/143261a.jpg?ts=1690813229"
Shiitake Mushroom,125 g,₹500,N/A,true,"https://cdn.grofers.com/cdn-cgi/image/f=auto,fit=scale-down,q=70,metadata=none,w=270/app/images/products/sliding_image/9888a.jpg?ts=1729501161"
Neem Sticks,100 g,₹24,₹29,true,"https://cdn.grofers.com/cdn-cgi/image/f=auto,fit=scale-down,q=70,metadata=none,w=270/app/images/products/sliding_image/363224a.jpg?ts=1690813591"
Parsley - Hydroponically Grown 25 g,25 g,₹44,₹57,true,"https://cdn.grofers.com/cdn-cgi/image/f=auto,fit=scale-down,q=70,metadata=none,w=270/app/images/products/sliding_image/480435a.jpg?ts=1690814832"
Hydroponic Parsley Leaves,50 g,₹54,₹75,true,"https://cdn.grofers.com/cdn-cgi/image/f=auto,fit=scale-down,q=70,metadata=none,w=270/app/images/products/sliding_image/503087a.jpg?ts=1691670053"
Shami Patra for Pooja,10 g,₹17,₹21,true,"https://cdn.grofers.com/cdn-cgi/image/f=auto,fit=scale-down,q=70,metadata=none,w=270/app/assets/products/sliding_images/jpeg/bdde4d0f-1b91-4b7a-9f1f-f88dd5cbd847.jpg?ts=1721984689"
Green Pumpkin - Cut,(500 - 700) g,₹50,₹100,true,"https://cdn.grofers.com/cdn-cgi/image/f=auto,fit=scale-down,q=70,metadata=none,w=270/app/images/products/sliding_image/364322a.jpg?ts=1690814616"
Salad 500 g,1 pack,₹66,₹150,true,"https://cdn.grofers.com/cdn-cgi/image/f=auto,fit=scale-down,q=70,metadata=none,w=270/app/images/products/sliding_image/450730a.jpg?ts=1687331161"
Hydroponic Spinach,200 g,₹45,₹63,true,"https://cdn.grofers.com/cdn-cgi/image/f=auto,fit=scale-down,q=70,metadata=none,w=270/app/assets/products/sliding_images/jpeg/c490dbe6-d068-4290-9753-776a5c1e1a53.jpg?ts=1716915455"
Baby Spinach - Hydroponically Grown,100 g,₹73,₹98,true,"https://cdn.grofers.com/cdn-cgi/image/f=auto,fit=scale-down,q=70,metadata=none,w=270/app/assets/products/sliding_images/jpeg/87dfc027-d4ab-46c6-a271-5f028fb62f2d.jpg?ts=1711442494"
Baby Spinach,100 g,₹132,₹171,true,"https://cdn.grofers.com/cdn-cgi/image/f=auto,fit=scale-down,q=70,metadata=none,w=270/app/assets/products/sliding_images/jpeg/6e341e42-9de1-4d5f-8125-97e85c874566.jpg?ts=1717749675"
Spinach (Without Roots) (Palak),250 g,₹80,N/A,true,"https://cdn.grofers.com/cdn-cgi/image/f=auto,fit=scale-down,q=70,metadata=none,w=270/app/assets/products/sliding_images/jpeg/75aa6dcf-80e6-4ac1-bde1-25fb1079361c.jpg?ts=1711442639"
Exotic Vegetable Salad - Hydroponically Grown,(250 - 300) g,₹158,₹216,true,"https://cdn.grofers.com/cdn-cgi/image/f=auto,fit=scale-down,q=70,metadata=none,w=270/app/images/products/sliding_image/364785a.jpg?ts=1690814557"
Yellow Zucchini,1 piece (200 - 250) g,₹57,₹75,true,"https://cdn.grofers.com/cdn-cgi/image/f=auto,fit=scale-down,q=70,metadata=none,w=270/app/images/products/sliding_image/294636a.jpg?ts=1717749749"